first_name,last_name,job_title,department,email,address,phone_number,salary,password
Nicholas,Golden,"Lecturer, further education","Teacher, English as a foreign language",richardsonkaren@example.com,West Brian,+1-621-474-0703x631,6867,CUjhXepv
James,Bush,Ranger/warden,Local government officer,thomasdavid@example.net,Debraview,885.244.3789x42265,81467,V8sswqlC
Heather,Mcneil,Counselling psychologist,"Investment banker, operational",gwhitney@example.net,Lake Shannonberg,(876)270-5835x41208,73079,2iHyETvl
Joseph,Boyer,Research scientist (physical sciences),Research scientist (medical),ebaker@example.com,Sanchezbury,4245765315,35084,mCSnUOl6
Jeremy,Rogers,Environmental education officer,"Librarian, public",bradyfrank@example.net,North Sheilabury,001-299-785-2900,94351,EyL3ga9G
Michael,Robertson,Licensed conveyancer,"Conservation officer, nature",moralesgina@example.org,Matthewmouth,(529)986-9226x50811,42973,6BPMWt8X
Anthony,Moore,"Administrator, sports",Dramatherapist,jacktorres@example.net,Stevenhaven,7359191505,6135,v2UCrF2p
Amy,Callahan,Research scientist (maths),Physiotherapist,justinjames@example.com,Salazarbury,485-228-3142x4652,29743,qwwiMDw9
John,Cooper,Quarry manager,"Designer, multimedia",rebecca00@example.com,Coffeyton,969.933.1075x27639,8751,qwu3lA4l
Dan,Ayers,Colour technologist,Pharmacologist,josephcraig@example.com,South Rogerfurt,6797739553,21756,c0TF8RA9
Paul,Miller,"Teacher, music",Archaeologist,doughertynathan@example.org,Jonesfurt,+1-411-920-0842x41683,23334,UJ3mwLX8
Miranda,Wallace,Mental health nurse,Materials engineer,adamsjason@example.com,Emilyville,628.468.1011x17432,87752,x3yED7ou
Margaret,Mcmahon,Heritage manager,"Engineer, site",qlopez@example.net,Edwardsville,339.865.5878,27411,WwvQWus4
Andrew,Brown,Training and development officer,Arts development officer,lawrencewillis@example.org,South Jamesfurt,001-954-364-7091x542,25728,D7A4rMpT
James,Miller,Bonds trader,"Engineer, maintenance (IT)",fsawyer@example.org,New Paulborough,398-700-0886x144,18961,zWjWCO2n
Patrick,Williams,Quantity surveyor,"Accountant, chartered certified",rhonda43@example.org,New Joshua,6907982535,76524,MzB5wRFg
April,Owen,"Conservation officer, nature",Printmaker,ecrawford@example.org,Lake Natalieport,347.695.3917,75932,HiSsFUkX
Becky,Torres,Fisheries officer,Chiropractor,hicksrachel@example.net,Lake Linda,001-374-517-2294x551,83975,atEgWrwo
Cassandra,Miller,Ambulance person,Amenity horticulturist,rayrachel@example.net,Port Jasonmouth,001-750-885-8807,73638,TaUEcPVz
Barbara,Watkins,Technical sales engineer,"Engineer, building services",imartinez@example.org,New Carolineton,(243)263-5089x243,35065,kQbwtSMu
Eric,Weiss,Firefighter,"Conservator, museum/gallery",jim99@example.com,Lake Susanbury,(917)214-8883,70750,jmdywlJo
Joseph,Rivera,Musician,Financial controller,vmartinez@example.com,Henrytown,315.429.5202,25742,1ycIrB8W
Darrell,Potter,Chartered accountant,"Nurse, mental health",zpayne@example.org,Anthonyfort,(414)222-1787x929,68975,dko03qWn
Bobby,Robinson,Politician's assistant,Editorial assistant,chad55@example.net,Holmesstad,820-425-0032x916,77366,xvNtztqm
Anna,Davis,"Engineer, civil (contracting)",Geophysicist/field seismologist,kayla97@example.com,North Karenfort,+1-274-219-4912,16222,szyQ1Y0y
Brianna,Cohen,Holiday representative,Wellsite geologist,kelsey06@example.net,Lake Lisafort,212-715-4766x69352,60005,4QmEHTu3
John,Obrien,Operational investment banker,"Designer, jewellery",danielblackburn@example.com,Camposview,+1-444-689-2671x20059,42175,lOgsAHJk
Sandra,Wagner,"Scientist, research (life sciences)",Trading standards officer,hensleyphillip@example.org,Port Alison,001-437-551-6329,91289,1lhYEqHM
James,Houston,Insurance underwriter,Fast food restaurant manager,craigmiranda@example.net,East Robertfort,(970)340-3154x941,73853,TO7u3Iy7
Angela,Brown,Commercial art gallery manager,"Buyer, industrial",isaac37@example.net,West Lisa,+1-987-543-8423x69763,86966,twLDwrgf
Jesus,King,"Nurse, adult","Designer, jewellery",norrisbrooke@example.com,Robertburgh,(939)830-7689x1975,69276,b23mZrjH
Ronald,Newman,Local government officer,Database administrator,nicholas99@example.net,Lake Leahchester,817-789-9756x7777,19873,AL42SSPe
Taylor,Howell,"Scientist, physiological",Sub,carsonjennifer@example.net,Michaelside,396.887.5282x4071,24577,UX5OEDae
Jason,Hernandez,Barrister,Seismic interpreter,tbullock@example.net,New Matthewchester,249-644-4538x72780,76541,kyKNQgCD
Michael,Patterson,"Investment banker, corporate","Development worker, international aid",nicolele@example.net,Angelaview,3674740193,11612,rMamsPqw
Lauren,Hernandez,Hydrologist,"Administrator, Civil Service",frank62@example.com,New Kevin,378-748-8485x069,25783,tm5bV9Lh
Zachary,Smith,Advertising copywriter,Medical laboratory scientific officer,anthony21@example.net,Davidland,(961)631-4505x6372,88411,X8rzc45a
Sarah,English,Television production assistant,"Programme researcher, broadcasting/film/video",thomaschristian@example.net,New Racheltown,(562)844-4395x521,41936,KkePUnLc
Andre,Hodges,"Therapist, drama","Scientist, forensic",wwhite@example.net,Wilkinsborough,+1-872-321-7945x682,36865,BSB1yhD2
Spencer,Peterson,"Psychologist, prison and probation services",Product designer,vchase@example.com,West Lindseyborough,+1-595-259-5867x817,56941,smZIr9eh
Kathryn,Ewing,"Surveyor, building control","Engineer, manufacturing systems",michaelwilson@example.com,Port Debra,+1-762-217-3087x746,33114,oD9XgO12
Dana,Rogers,"Conservation officer, historic buildings","Lighting technician, broadcasting/film/video",barberzachary@example.net,Lake Earl,9109308838,48508,xnMA7ALy
Paula,Estes,"Psychologist, forensic","Nurse, mental health",nicholas90@example.net,Lake Kristy,001-917-631-7655,70674,d7fCmHmw
Lauren,Smith,"Engineer, civil (contracting)",Building services engineer,diazstephen@example.net,West Aliciafort,001-541-739-1665x9227,3568,Imkmd4YK
Mary,Nguyen,Town planner,"Conservation officer, nature",mfisher@example.net,Reynoldsbury,001-562-421-9400x413,67856,0enGls0N
Carol,Casey,Airline pilot,Chief Executive Officer,dawnhernandez@example.com,New Samanthafurt,367.968.6159,17665,l1pDfVKu
Patrick,Chen,Science writer,Careers information officer,cdavis@example.com,South Karenfurt,(527)214-5923,77059,inmm4pSg
Maurice,Woods,"Buyer, industrial","Scientist, product/process development",kathryn31@example.org,Georgeville,799.248.4308x0895,31880,lMO3kJWv
Faith,Harper,"Loss adjuster, chartered",Accommodation manager,silvadonald@example.org,Brooksberg,(806)675-8070,73301,mtH1UGlA
Julie,Simmons,Manufacturing systems engineer,Learning mentor,hoffmanjack@example.org,Loriview,(435)482-4194,1070,3NQAI7W1
Donna,Peterson,Ecologist,"Scientist, forensic",sanchezchristopher@example.net,Victoriahaven,979-343-8244,96645,P7bblmmM
Sandra,White,Art therapist,Meteorologist,abray@example.org,North Brandon,001-762-742-7566x10918,41379,IeX6gDqL
Guy,Spencer,Biomedical engineer,Television production assistant,owensstephanie@example.org,East Elizabethburgh,372-422-8002x39177,27237,ici4zQeQ
Brent,Christensen,Airline pilot,Hydrogeologist,tim54@example.net,Pattonberg,001-435-236-8816x550,88874,jeUYUxJL
Kyle,Snyder,Adult nurse,"Social research officer, government",dorothybrown@example.com,Baxterland,001-615-925-8605x999,88079,2OXU25L0
Kyle,Padilla,Immunologist,Insurance risk surveyor,hoffmanrebecca@example.org,West Bradleymouth,001-732-380-7319x7023,35402,LdKcMyBb
Victoria,Curtis,Colour technologist,Ceramics designer,michelle00@example.net,Andrewfort,001-906-674-8845,49754,pzKBlou8
Richard,Greene,"Psychologist, sport and exercise",Interpreter,nparker@example.org,Port Ryan,(857)596-5531x838,45030,br91xCxT
Jeffery,Perez,Health visitor,"Therapist, occupational",zpowers@example.org,Port Zachary,(994)958-7769,9152,2KGk0GOO
Katherine,Morris,Equality and diversity officer,"Therapist, horticultural",debbie54@example.net,Barnestown,7375860417,41538,7WE72MlC
Jessica,Medina,"Administrator, Civil Service","Designer, television/film set",tonyamedina@example.com,New Markburgh,505.250.8513,32267,6WjAPyaC
Holly,Anderson,Health service manager,Editorial assistant,michele19@example.org,Rogersland,7139985579,17907,SKsx9DjX
Misty,Ward,Graphic designer,"Scientist, biomedical",hillgabrielle@example.net,New Juan,322-323-9896,45513,5N4u9X8g
Joshua,Rice,Art gallery manager,Chiropodist,yhickman@example.com,Katelynmouth,(374)294-0069x282,55869,FNwYhNg7
Jeremy,Black,Dispensing optician,Records manager,ewallace@example.com,Christopherborough,+1-700-708-7637x807,50872,jnzqL45A
Margaret,Jones,Sub,IT sales professional,jennifer06@example.net,New Victoria,784.819.4422,96054,YGrc8Vqs
Suzanne,Hardin,Barrister,Lobbyist,tschroeder@example.org,Kevinville,726.466.8302,30649,6nJ8D08u
Mitchell,Mcdonald,"Research officer, trade union","Administrator, education",gregory00@example.org,South Davidberg,+1-225-256-0252x050,9987,FkRMiZOd
Angel,Torres,Production engineer,Environmental education officer,natalie11@example.net,Annhaven,298.212.1155x462,92566,V3CZIwdZ
Caitlin,Gibbs,"Editor, magazine features",Clinical embryologist,emily04@example.com,Howardburgh,(718)394-3187,46705,bxbTYe2j
Nathan,Parker,Horticultural therapist,Firefighter,pwilson@example.org,Port Linda,+1-528-734-3095x3231,28346,QAnjiURv
Todd,Davis,"Designer, jewellery",Corporate treasurer,alicia02@example.com,Wardmouth,362.726.6523x10004,8267,m1omSxyi
Kevin,Cantu,Product manager,"Psychologist, occupational",johnmartinez@example.com,Murrayfurt,+1-793-683-5493,59376,z7v117T3
Heather,Miller,Claims inspector/assessor,"Teacher, English as a foreign language",bmcfarland@example.net,New Joshuamouth,900-953-8479x942,17657,rZsGewUv
Suzanne,Burton,Psychiatrist,Barrister's clerk,brittney73@example.com,Nicolehaven,001-293-698-3374x388,68969,oHOjBXQH
Kimberly,Young,Historic buildings inspector/conservation officer,Oncologist,jamesanna@example.net,Lake Angelaton,9225417028,51329,oKKdH30B
Michelle,Kelly,Meteorologist,"Secretary, company",rpatrick@example.org,Tammyton,(257)465-2463,83459,b7pVIlwW
Hannah,Rivas,Dancer,"Programmer, systems",craig71@example.org,East Thomashaven,444.966.8641,28385,rkTo8y9U
Wayne,Blevins,Pharmacologist,Copy,marcus79@example.com,Romeroborough,881-703-2156x80025,99811,Lxfuw3cW
Emily,Gomez,Clinical research associate,"Clinical scientist, histocompatibility and immunogenetics",howardjennifer@example.org,Patriciamouth,987.301.7981,73862,0XcdrjzS
Robin,Green,Emergency planning/management officer,"Scientist, physiological",robertruiz@example.org,Normamouth,664-855-7226x101,76084,Nn9mpYOj
Danny,Jones,Sports therapist,"Engineer, aeronautical",mmontgomery@example.net,Justinmouth,294-874-6314,16274,BSOKnXpl
Brenda,Hebert,Analytical chemist,Industrial buyer,qsilva@example.com,New Ann,001-733-548-3469x6899,38136,NTizivkU
Shane,Pierce,Human resources officer,Artist,ggarcia@example.com,Lopezview,8809269780,92468,Q43F3q8y
Stephen,Scott,Private music teacher,Ambulance person,hughesarthur@example.net,Morrisfurt,001-986-944-0921,27537,YDxMKhCM
Trevor,Rogers,Health and safety inspector,"Designer, textile",reynoldsbecky@example.com,Kristinaberg,240-401-2222x10436,53380,4corAXCZ
Charles,Watkins,Control and instrumentation engineer,Horticultural therapist,owenspaul@example.net,Dawnfort,822.244.2104x1651,48390,DdygU4JU
Gary,Lozano,Film/video editor,"Editor, commissioning",johnstonkatelyn@example.net,Mitchellville,3632893550,98997,m5fY5wSb
Kristen,Saunders,"Engineer, maintenance","Scientist, forensic",bushtim@example.net,Port Paulhaven,944-749-7114x26901,81126,clJRBWuB
Patricia,Clark,"Administrator, Civil Service",Operational investment banker,alec26@example.org,Lake Billyberg,001-352-229-9223x083,13646,lSqi30HQ
Melinda,Salas,Theme park manager,Town planner,matthew02@example.net,Westburgh,001-282-636-8209,35576,VqMzPgoK
Danielle,Ellis,Mudlogger,"Administrator, education",tonyafitzgerald@example.com,Jimenezfort,(556)597-2581x098,17285,wVb5Q0bm
Nathan,Henderson,Advertising art director,Armed forces operational officer,smithjohn@example.org,Lake Lisaville,+1-592-794-7367,91597,fmsf8Rg6
Catherine,Tran,"Surveyor, insurance",Tax inspector,harry47@example.com,Fryeborough,481.349.9484x54948,44689,BxowKenZ
Nicholas,Sampson,Metallurgist,Air broker,karmstrong@example.net,Nicoletown,+1-383-918-5322x1498,75583,og0fmPAb
Michelle,Cox,"Radiographer, diagnostic",Chartered public finance accountant,twalsh@example.net,East Marcus,+1-999-314-0930x842,25654,5mZoV8Qc
Ivan,Brooks,Psychiatric nurse,"Sales professional, IT",shorttammy@example.net,Lake Barry,218-246-2766,76344,TRZ9FHDV
Nathan,Brown,Claims inspector/assessor,Secondary school teacher,robert39@example.net,Dudleyville,542.703.9826x42583,82136,DJQgl4UC
Angela,Stewart,Nature conservation officer,Chartered public finance accountant,williamsbrandy@example.net,Nelsonstad,608.214.5879x881,8145,oFepP4kF
Robert,Miller,"Teacher, primary school",Chiropodist,bakertimothy@example.com,North Kathybury,552.660.8627,57904,7zZPeIn0
